component_id,closed_px,emitted_px,centroid_row,centroid_col,centroid_lon,centroid_lat,median_distance_to_known_m,assessment
3,18,18,3.0,708.0,-119.1993,40.7038,1212.4,"below 200-closed-px screen; NOT an identified fault; inspect shape, bands and 1m/field data"
4,184,172,8.47,768.17,-119.128,40.7002,714.1,"below 200-closed-px screen; NOT an identified fault; inspect shape, bands and 1m/field data"
5,94,92,5.2,789.57,-119.1028,40.7036,607.8,"below 200-closed-px screen; NOT an identified fault; inspect shape, bands and 1m/field data"
9,29,24,3.9,1029.21,-118.8193,40.7096,141.4,"below 200-closed-px screen; NOT an identified fault; inspect shape, bands and 1m/field data"
10,11,11,2.64,1509.0,-118.2515,40.7183,10978.6,"below 200-closed-px screen; NOT an identified fault; inspect shape, bands and 1m/field data"
15,27,23,3.33,2227.96,-117.4003,40.7237,1676.3,"below 200-closed-px screen; NOT an identified fault; inspect shape, bands and 1m/field data"
19,48,40,5.65,2990.08,-116.4979,40.7213,200.0,"below 200-closed-px screen; NOT an identified fault; inspect shape, bands and 1m/field data"
20,44,37,3.36,3005.16,-116.48,40.7232,200.0,"below 200-closed-px screen; NOT an identified fault; inspect shape, bands and 1m/field data"
21,47,38,3.13,3071.77,-116.4011,40.7231,484.4,"below 200-closed-px screen; NOT an identified fault; inspect shape, bands and 1m/field data"
23,8,8,2.25,3218.5,-116.2274,40.7228,1757.2,"below 200-closed-px screen; NOT an identified fault; inspect shape, bands and 1m/field data"
24,14,14,2.71,3280.5,-116.154,40.7219,7953.2,"below 200-closed-px screen; NOT an identified fault; inspect shape, bands and 1m/field data"
25,81,81,10.15,1085.0,-118.7531,40.705,1526.4,"below 200-closed-px screen; NOT an identified fault; inspect shape, bands and 1m/field data"
26,29,29,7.0,2491.0,-117.0888,40.7211,3190.6,"below 200-closed-px screen; NOT an identified fault; inspect shape, bands and 1m/field data"
27,57,57,10.54,2759.46,-116.7709,40.7177,1334.2,"below 200-closed-px screen; NOT an identified fault; inspect shape, bands and 1m/field data"
28,42,38,10.19,2220.67,-117.4089,40.7175,1345.4,"below 200-closed-px screen; NOT an identified fault; inspect shape, bands and 1m/field data"
30,75,71,19.72,780.09,-119.1136,40.6903,922.0,"below 200-closed-px screen; NOT an identified fault; inspect shape, bands and 1m/field data"
32,29,29,24.0,2695.0,-116.8473,40.7057,1664.3,"below 200-closed-px screen; NOT an identified fault; inspect shape, bands and 1m/field data"
34,113,100,32.85,756.35,-119.1413,40.678,2126.0,"below 200-closed-px screen; NOT an identified fault; inspect shape, bands and 1m/field data"
35,82,72,31.38,1006.76,-118.8452,40.6844,2687.9,"below 200-closed-px screen; NOT an identified fault; inspect shape, bands and 1m/field data"
37,147,124,46.61,3054.67,-116.4217,40.684,223.6,"below 200-closed-px screen; NOT an identified fault; inspect shape, bands and 1m/field data"
38,162,160,46.12,3136.67,-116.3247,40.6839,824.6,"below 200-closed-px screen; NOT an identified fault; inspect shape, bands and 1m/field data"
39,74,74,45.0,3226.5,-116.2184,40.6842,3063.5,"below 200-closed-px screen; NOT an identified fault; inspect shape, bands and 1m/field data"
42,113,96,51.31,2111.77,-117.5375,40.68,300.0,"below 200-closed-px screen; NOT an identified fault; inspect shape, bands and 1m/field data"
43,90,82,56.09,674.32,-119.2376,40.6552,1802.8,"below 200-closed-px screen; NOT an identified fault; inspect shape, bands and 1m/field data"
45,36,36,53.5,1864.0,-117.8306,40.6762,3509.3,"below 200-closed-px screen; NOT an identified fault; inspect shape, bands and 1m/field data"
46,189,165,60.23,1373.38,-118.4109,40.6646,223.6,"below 200-closed-px screen; NOT an identified fault; inspect shape, bands and 1m/field data"
50,29,29,62.0,2225.0,-117.4035,40.6709,2469.8,"below 200-closed-px screen; NOT an identified fault; inspect shape, bands and 1m/field data"
52,128,101,72.49,3099.49,-116.3689,40.6604,200.0,"below 200-closed-px screen; NOT an identified fault; inspect shape, bands and 1m/field data"
55,36,36,70.5,3119.0,-116.3458,40.6621,300.0,"below 200-closed-px screen; NOT an identified fault; inspect shape, bands and 1m/field data"
56,77,71,74.97,2401.19,-117.195,40.6597,282.8,"below 200-closed-px screen; NOT an identified fault; inspect shape, bands and 1m/field data"
57,28,24,72.0,2414.11,-117.1797,40.6624,141.4,"below 200-closed-px screen; NOT an identified fault; inspect shape, bands and 1m/field data"
58,36,36,72.5,2983.0,-116.5067,40.6611,5076.9,"below 200-closed-px screen; NOT an identified fault; inspect shape, bands and 1m/field data"
59,38,38,76.5,1879.5,-117.8121,40.6557,5521.3,"below 200-closed-px screen; NOT an identified fault; inspect shape, bands and 1m/field data"
61,29,29,77.0,2048.0,-117.6127,40.6564,1500.0,"below 200-closed-px screen; NOT an identified fault; inspect shape, bands and 1m/field data"
63,150,130,87.96,2189.94,-117.4448,40.6473,2724.9,"below 200-closed-px screen; NOT an identified fault; inspect shape, bands and 1m/field data"
64,128,114,89.38,2157.38,-117.4833,40.6459,282.8,"below 200-closed-px screen; NOT an identified fault; inspect shape, bands and 1m/field data"
65,57,57,87.0,606.88,-119.3163,40.6258,7375.6,"below 200-closed-px screen; NOT an identified fault; inspect shape, bands and 1m/field data"
68,29,29,94.0,2974.0,-116.5175,40.6417,6261.0,"below 200-closed-px screen; NOT an identified fault; inspect shape, bands and 1m/field data"
69,58,58,98.05,1896.72,-117.7915,40.6364,7897.4,"below 200-closed-px screen; NOT an identified fault; inspect shape, bands and 1m/field data"
71,66,65,99.58,777.89,-119.1139,40.6184,761.6,"below 200-closed-px screen; NOT an identified fault; inspect shape, bands and 1m/field data"
72,72,67,102.51,677.31,-119.2327,40.6135,300.0,"below 200-closed-px screen; NOT an identified fault; inspect shape, bands and 1m/field data"
73,42,42,104.0,486.5,-119.458,40.6076,9573.4,"below 200-closed-px screen; NOT an identified fault; inspect shape, bands and 1m/field data"
75,44,44,104.05,2556.36,-117.0114,40.6337,5662.6,"below 200-closed-px screen; NOT an identified fault; inspect shape, bands and 1m/field data"
78,190,174,115.28,447.82,-119.5033,40.5964,5481.3,"below 200-closed-px screen; NOT an identified fault; inspect shape, bands and 1m/field data"
79,29,29,106.0,2062.0,-117.596,40.6304,2640.1,"below 200-closed-px screen; NOT an identified fault; inspect shape, bands and 1m/field data"
80,29,29,108.0,1047.0,-118.7957,40.6162,2701.9,"below 200-closed-px screen; NOT an identified fault; inspect shape, bands and 1m/field data"
82,29,29,112.0,2092.0,-117.5604,40.6252,1931.3,"below 200-closed-px screen; NOT an identified fault; inspect shape, bands and 1m/field data"
83,76,65,120.28,2562.61,-117.004,40.6191,5440.6,"below 200-closed-px screen; NOT an identified fault; inspect shape, bands and 1m/field data"
84,29,29,118.0,662.0,-119.2503,40.5992,1600.0,"below 200-closed-px screen; NOT an identified fault; inspect shape, bands and 1m/field data"
85,161,151,133.58,838.01,-119.042,40.589,3182.8,"below 200-closed-px screen; NOT an identified fault; inspect shape, bands and 1m/field data"
86,36,36,122.5,3234.0,-116.2103,40.6144,2621.1,"below 200-closed-px screen; NOT an identified fault; inspect shape, bands and 1m/field data"
87,161,145,131.02,1314.02,-118.4797,40.5999,282.8,"below 200-closed-px screen; NOT an identified fault; inspect shape, bands and 1m/field data"
88,143,123,137.8,1125.02,-118.7029,40.5907,400.0,"below 200-closed-px screen; NOT an identified fault; inspect shape, bands and 1m/field data"
90,36,36,133.5,662.0,-119.2498,40.5852,1688.2,"below 200-closed-px screen; NOT an identified fault; inspect shape, bands and 1m/field data"
96,130,117,150.62,1433.98,-118.3376,40.584,282.8,"below 200-closed-px screen; NOT an identified fault; inspect shape, bands and 1m/field data"
98,191,165,160.38,1483.08,-118.2795,40.5759,200.0,"below 200-closed-px screen; NOT an identified fault; inspect shape, bands and 1m/field data"
102,58,58,162.5,1895.5,-117.7922,40.5783,10452.2,"below 200-closed-px screen; NOT an identified fault; inspect shape, bands and 1m/field data"
103,29,26,164.0,1646.0,-118.0869,40.5746,200.0,"below 200-closed-px screen; NOT an identified fault; inspect shape, bands and 1m/field data"
106,118,117,179.02,1530.22,-118.2235,40.5597,1800.0,"below 200-closed-px screen; NOT an identified fault; inspect shape, bands and 1m/field data"
107,41,41,176.66,1949.34,-117.7285,40.566,5239.3,"below 200-closed-px screen; NOT an identified fault; inspect shape, bands and 1m/field data"
109,45,45,184.0,3118.0,-116.348,40.5598,1565.2,"below 200-closed-px screen; NOT an identified fault; inspect shape, bands and 1m/field data"
111,53,53,187.57,990.17,-118.8609,40.5435,6074.5,"below 200-closed-px screen; NOT an identified fault; inspect shape, bands and 1m/field data"
112,36,36,187.5,1098.0,-118.7336,40.5455,1352.8,"below 200-closed-px screen; NOT an identified fault; inspect shape, bands and 1m/field data"
113,50,48,191.5,1968.0,-117.7063,40.5528,4117.0,"below 200-closed-px screen; NOT an identified fault; inspect shape, bands and 1m/field data"
114,36,36,196.0,2810.5,-116.7112,40.5505,3817.7,"below 200-closed-px screen; NOT an identified fault; inspect shape, bands and 1m/field data"
115,36,36,199.5,1724.0,-117.9943,40.5434,316.2,"below 200-closed-px screen; NOT an identified fault; inspect shape, bands and 1m/field data"
116,36,36,200.5,597.0,-119.3245,40.5234,3409.5,"below 200-closed-px screen; NOT an identified fault; inspect shape, bands and 1m/field data"
118,54,54,206.52,655.89,-119.2548,40.5194,655.6,"below 200-closed-px screen; NOT an identified fault; inspect shape, bands and 1m/field data"
119,63,61,208.21,1976.65,-117.6959,40.5378,4123.1,"below 200-closed-px screen; NOT an identified fault; inspect shape, bands and 1m/field data"
121,31,29,213.1,2151.19,-117.4898,40.5344,854.4,"below 200-closed-px screen; NOT an identified fault; inspect shape, bands and 1m/field data"
122,83,72,217.58,1093.31,-118.7384,40.5183,141.4,"below 200-closed-px screen; NOT an identified fault; inspect shape, bands and 1m/field data"
123,90,85,218.52,2162.28,-117.4767,40.5296,721.1,"below 200-closed-px screen; NOT an identified fault; inspect shape, bands and 1m/field data"
125,60,56,219.58,3091.4,-116.3797,40.5279,223.6,"below 200-closed-px screen; NOT an identified fault; inspect shape, bands and 1m/field data"
126,53,51,220.38,1971.98,-117.7013,40.5268,5110.8,"below 200-closed-px screen; NOT an identified fault; inspect shape, bands and 1m/field data"
127,36,36,219.5,3196.0,-116.2562,40.5273,4421.0,"below 200-closed-px screen; NOT an identified fault; inspect shape, bands and 1m/field data"
129,141,140,226.84,2802.75,-116.7205,40.5227,2517.9,"below 200-closed-px screen; NOT an identified fault; inspect shape, bands and 1m/field data"
131,47,46,230.23,962.79,-118.8921,40.5045,5688.1,"below 200-closed-px screen; NOT an identified fault; inspect shape, bands and 1m/field data"
132,55,53,231.0,2125.0,-117.5206,40.5182,2147.1,"below 200-closed-px screen; NOT an identified fault; inspect shape, bands and 1m/field data"
135,28,23,237.11,2054.0,-117.6044,40.5122,141.4,"below 200-closed-px screen; NOT an identified fault; inspect shape, bands and 1m/field data"
136,29,29,240.0,3168.0,-116.2894,40.509,4565.1,"below 200-closed-px screen; NOT an identified fault; inspect shape, bands and 1m/field data"
137,64,56,244.5,1095.0,-118.7358,40.4941,1290.3,"below 200-closed-px screen; NOT an identified fault; inspect shape, bands and 1m/field data"
138,29,29,243.0,964.0,-118.8904,40.4931,5883.0,"below 200-closed-px screen; NOT an identified fault; inspect shape, bands and 1m/field data"
142,113,109,256.0,954.6,-118.9011,40.4812,4386.3,"below 200-closed-px screen; NOT an identified fault; inspect shape, bands and 1m/field data"
143,58,50,259.64,3061.52,-116.4153,40.492,141.4,"below 200-closed-px screen; NOT an identified fault; inspect shape, bands and 1m/field data"
144,52,51,263.56,844.87,-119.0303,40.4722,1264.9,"below 200-closed-px screen; NOT an identified fault; inspect shape, bands and 1m/field data"
145,139,129,267.42,2871.22,-116.6399,40.486,2404.2,"below 200-closed-px screen; NOT an identified fault; inspect shape, bands and 1m/field data"
149,108,82,271.58,3108.82,-116.3596,40.481,200.0,"below 200-closed-px screen; NOT an identified fault; inspect shape, bands and 1m/field data"
150,36,36,267.5,1767.0,-117.9427,40.4826,636.4,"below 200-closed-px screen; NOT an identified fault; inspect shape, bands and 1m/field data"
152,76,65,278.18,1084.04,-118.748,40.4636,200.0,"below 200-closed-px screen; NOT an identified fault; inspect shape, bands and 1m/field data"
153,73,65,279.16,3041.55,-116.439,40.4746,200.0,"below 200-closed-px screen; NOT an identified fault; inspect shape, bands and 1m/field data"
154,107,99,280.25,1783.5,-117.9231,40.4713,781.0,"below 200-closed-px screen; NOT an identified fault; inspect shape, bands and 1m/field data"
155,51,51,282.55,526.69,-119.4048,40.4479,1166.2,"below 200-closed-px screen; NOT an identified fault; inspect shape, bands and 1m/field data"
156,29,29,281.0,1005.0,-118.8411,40.4596,3440.9,"below 200-closed-px screen; NOT an identified fault; inspect shape, bands and 1m/field data"
157,42,33,283.9,1640.0,-118.0923,40.4665,200.0,"below 200-closed-px screen; NOT an identified fault; inspect shape, bands and 1m/field data"
160,61,61,287.85,2714.18,-116.8252,40.468,2778.5,"below 200-closed-px screen; NOT an identified fault; inspect shape, bands and 1m/field data"
162,43,41,291.0,2801.0,-116.7228,40.4649,4123.1,"below 200-closed-px screen; NOT an identified fault; inspect shape, bands and 1m/field data"
163,82,74,294.84,1798.51,-117.9052,40.4583,2150.6,"below 200-closed-px screen; NOT an identified fault; inspect shape, bands and 1m/field data"
165,61,61,295.95,2039.48,-117.621,40.4591,2617.3,"below 200-closed-px screen; NOT an identified fault; inspect shape, bands and 1m/field data"
166,54,54,295.28,3076.2,-116.3982,40.4599,714.1,"below 200-closed-px screen; NOT an identified fault; inspect shape, bands and 1m/field data"
167,50,50,295.5,600.5,-119.3174,40.438,1621.7,"below 200-closed-px screen; NOT an identified fault; inspect shape, bands and 1m/field data"
172,111,106,322.94,2717.2,-116.8217,40.4364,5505.5,"below 200-closed-px screen; NOT an identified fault; inspect shape, bands and 1m/field data"
173,28,23,320.0,2383.11,-117.2156,40.4389,141.4,"below 200-closed-px screen; NOT an identified fault; inspect shape, bands and 1m/field data"
174,73,60,320.18,2399.14,-117.1967,40.4388,200.0,"below 200-closed-px screen; NOT an identified fault; inspect shape, bands and 1m/field data"
175,82,79,325.87,457.21,-119.4852,40.4071,6963.5,"below 200-closed-px screen; NOT an identified fault; inspect shape, bands and 1m/field data"
179,60,59,326.57,1609.1,-118.1281,40.4277,1529.7,"below 200-closed-px screen; NOT an identified fault; inspect shape, bands and 1m/field data"
180,66,66,334.03,1826.83,-117.8713,40.4232,700.0,"below 200-closed-px screen; NOT an identified fault; inspect shape, bands and 1m/field data"
181,29,29,335.0,1917.0,-117.7651,40.4231,8602.3,"below 200-closed-px screen; NOT an identified fault; inspect shape, bands and 1m/field data"
182,157,118,345.78,2576.94,-116.9871,40.4159,141.4,"below 200-closed-px screen; NOT an identified fault; inspect shape, bands and 1m/field data"
184,29,24,339.0,871.0,-118.9975,40.4048,120.7,"below 200-closed-px screen; NOT an identified fault; inspect shape, bands and 1m/field data"
186,113,94,342.99,2783.49,-116.7436,40.4181,141.4,"below 200-closed-px screen; NOT an identified fault; inspect shape, bands and 1m/field data"
187,35,35,343.43,2208.94,-117.4209,40.4173,282.8,"below 200-closed-px screen; NOT an identified fault; inspect shape, bands and 1m/field data"
188,50,50,353.5,1985.0,-117.6847,40.4069,8466.1,"below 200-closed-px screen; NOT an identified fault; inspect shape, bands and 1m/field data"
190,133,125,358.17,1623.54,-118.1106,40.3994,1272.8,"below 200-closed-px screen; NOT an identified fault; inspect shape, bands and 1m/field data"
192,50,48,357.5,2414.0,-117.1791,40.4052,3668.1,"below 200-closed-px screen; NOT an identified fault; inspect shape, bands and 1m/field data"
193,60,60,358.5,1452.33,-118.3123,40.397,1927.4,"below 200-closed-px screen; NOT an identified fault; inspect shape, bands and 1m/field data"
194,57,57,359.25,2395.68,-117.2007,40.4036,3613.9,"below 200-closed-px screen; NOT an identified fault; inspect shape, bands and 1m/field data"
197,115,99,372.37,1843.41,-117.8514,40.3888,781.0,"below 200-closed-px screen; NOT an identified fault; inspect shape, bands and 1m/field data"
198,88,86,369.47,3217.59,-116.2322,40.392,1155.3,"below 200-closed-px screen; NOT an identified fault; inspect shape, bands and 1m/field data"
200,29,29,375.0,2372.0,-117.2286,40.3894,1486.6,"below 200-closed-px screen; NOT an identified fault; inspect shape, bands and 1m/field data"
202,169,159,380.57,1935.22,-117.7431,40.3822,7516.6,"below 200-closed-px screen; NOT an identified fault; inspect shape, bands and 1m/field data"
204,191,160,384.42,3226.12,-116.2224,40.3785,223.6,"below 200-closed-px screen; NOT an identified fault; inspect shape, bands and 1m/field data"
205,87,86,382.15,2353.72,-117.2501,40.3829,948.7,"below 200-closed-px screen; NOT an identified fault; inspect shape, bands and 1m/field data"
206,36,36,382.5,1385.0,-118.3912,40.3745,8702.0,"below 200-closed-px screen; NOT an identified fault; inspect shape, bands and 1m/field data"
207,118,108,385.97,2547.97,-117.0212,40.3797,360.6,"below 200-closed-px screen; NOT an identified fault; inspect shape, bands and 1m/field data"
208,29,29,385.0,2105.0,-117.5431,40.3793,2816.0,"below 200-closed-px screen; NOT an identified fault; inspect shape, bands and 1m/field data"
210,107,89,394.2,2368.99,-117.2321,40.3721,806.2,"below 200-closed-px screen; NOT an identified fault; inspect shape, bands and 1m/field data"
212,132,102,392.78,3017.36,-116.4683,40.3724,100.0,"below 200-closed-px screen; NOT an identified fault; inspect shape, bands and 1m/field data"
213,68,63,391.99,899.93,-118.962,40.3576,538.5,"below 200-closed-px screen; NOT an identified fault; inspect shape, bands and 1m/field data"
214,90,69,395.87,2770.91,-116.7586,40.3705,200.0,"below 200-closed-px screen; NOT an identified fault; inspect shape, bands and 1m/field data"
216,72,71,398.69,563.96,-119.3572,40.3442,1838.5,"below 200-closed-px screen; NOT an identified fault; inspect shape, bands and 1m/field data"
217,41,41,396.34,2834.34,-116.6839,40.3699,6239.4,"below 200-closed-px screen; NOT an identified fault; inspect shape, bands and 1m/field data"
218,29,29,397.0,1929.0,-117.7503,40.3673,6229.8,"below 200-closed-px screen; NOT an identified fault; inspect shape, bands and 1m/field data"
219,117,117,402.59,712.88,-119.1819,40.3442,761.6,"below 200-closed-px screen; NOT an identified fault; inspect shape, bands and 1m/field data"
220,145,116,409.87,2478.74,-117.1028,40.3581,200.0,"below 200-closed-px screen; NOT an identified fault; inspect shape, bands and 1m/field data"
221,94,94,405.36,2391.86,-117.2051,40.3621,2400.0,"below 200-closed-px screen; NOT an identified fault; inspect shape, bands and 1m/field data"
222,36,36,405.5,1093.0,-118.7345,40.3491,1292.2,"below 200-closed-px screen; NOT an identified fault; inspect shape, bands and 1m/field data"
223,143,131,412.99,1422.12,-118.3469,40.3475,4384.1,"below 200-closed-px screen; NOT an identified fault; inspect shape, bands and 1m/field data"
225,29,29,410.0,287.0,-119.6826,40.3269,3622.2,"below 200-closed-px screen; NOT an identified fault; inspect shape, bands and 1m/field data"
226,86,86,415.49,1950.05,-117.7253,40.3508,8004.1,"below 200-closed-px screen; NOT an identified fault; inspect shape, bands and 1m/field data"
227,117,106,421.32,2311.04,-117.3002,40.3475,3560.2,"below 200-closed-px screen; NOT an identified fault; inspect shape, bands and 1m/field data"
228,88,86,421.16,2328.5,-117.2797,40.3477,2901.7,"below 200-closed-px screen; NOT an identified fault; inspect shape, bands and 1m/field data"
229,60,60,419.1,2398.57,-117.1972,40.3497,3266.5,"below 200-closed-px screen; NOT an identified fault; inspect shape, bands and 1m/field data"
230,178,138,433.58,3262.92,-116.1795,40.3339,300.0,"below 200-closed-px screen; NOT an identified fault; inspect shape, bands and 1m/field data"
231,160,154,430.69,2563.18,-117.0033,40.3394,932.7,"below 200-closed-px screen; NOT an identified fault; inspect shape, bands and 1m/field data"
232,145,131,433.37,785.65,-119.0954,40.318,223.6,"below 200-closed-px screen; NOT an identified fault; inspect shape, bands and 1m/field data"
233,174,169,433.85,3204.61,-116.2482,40.3341,3310.6,"below 200-closed-px screen; NOT an identified fault; inspect shape, bands and 1m/field data"
234,79,79,429.68,620.7,-119.2895,40.3177,1170.5,"below 200-closed-px screen; NOT an identified fault; inspect shape, bands and 1m/field data"
236,81,76,433.25,541.3,-119.3828,40.3126,2198.9,"below 200-closed-px screen; NOT an identified fault; inspect shape, bands and 1m/field data"
237,29,29,433.0,1971.0,-117.7005,40.3352,6609.8,"below 200-closed-px screen; NOT an identified fault; inspect shape, bands and 1m/field data"
239,91,84,442.54,261.9,-119.7109,40.297,4999.0,"below 200-closed-px screen; NOT an identified fault; inspect shape, bands and 1m/field data"
243,101,100,446.47,1428.34,-118.339,40.3175,1627.9,"below 200-closed-px screen; NOT an identified fault; inspect shape, bands and 1m/field data"
244,29,29,443.0,2305.0,-117.3072,40.3279,5651.5,"below 200-closed-px screen; NOT an identified fault; inspect shape, bands and 1m/field data"
245,152,146,452.61,1654.08,-118.0733,40.3147,4389.8,"below 200-closed-px screen; NOT an identified fault; inspect shape, bands and 1m/field data"
248,29,25,448.0,2547.0,-117.0224,40.3238,141.4,"below 200-closed-px screen; NOT an identified fault; inspect shape, bands and 1m/field data"
249,38,38,448.5,2835.5,-116.6828,40.3229,7136.5,"below 200-closed-px screen; NOT an identified fault; inspect shape, bands and 1m/field data"
252,154,123,455.48,1846.06,-117.8473,40.314,200.0,"below 200-closed-px screen; NOT an identified fault; inspect shape, bands and 1m/field data"
253,36,36,454.5,278.0,-119.6915,40.2867,3766.8,"below 200-closed-px screen; NOT an identified fault; inspect shape, bands and 1m/field data"
255,29,29,455.0,315.0,-119.648,40.2872,2147.1,"below 200-closed-px screen; NOT an identified fault; inspect shape, bands and 1m/field data"
256,44,44,455.36,3253.05,-116.1914,40.3144,447.2,"below 200-closed-px screen; NOT an identified fault; inspect shape, bands and 1m/field data"
257,36,30,456.5,1505.0,-118.2486,40.3094,141.4,"below 200-closed-px screen; NOT an identified fault; inspect shape, bands and 1m/field data"
258,192,177,464.57,2555.25,-117.0127,40.3089,223.6,"below 200-closed-px screen; NOT an identified fault; inspect shape, bands and 1m/field data"
259,115,112,465.93,286.96,-119.6806,40.2766,2800.9,"below 200-closed-px screen; NOT an identified fault; inspect shape, bands and 1m/field data"
260,29,29,460.0,341.0,-119.6173,40.2834,1442.2,"below 200-closed-px screen; NOT an identified fault; inspect shape, bands and 1m/field data"
261,29,29,460.0,2820.0,-116.7011,40.3126,6453.7,"below 200-closed-px screen; NOT an identified fault; inspect shape, bands and 1m/field data"
262,29,29,463.0,2137.0,-117.5049,40.3092,1900.0,"below 200-closed-px screen; NOT an identified fault; inspect shape, bands and 1m/field data"
265,29,29,467.0,303.0,-119.6617,40.2761,3606.9,"below 200-closed-px screen; NOT an identified fault; inspect shape, bands and 1m/field data"
266,152,125,479.49,1031.14,-118.8055,40.2814,223.6,"below 200-closed-px screen; NOT an identified fault; inspect shape, bands and 1m/field data"
267,29,29,473.0,1657.0,-118.0695,40.2964,6226.6,"below 200-closed-px screen; NOT an identified fault; inspect shape, bands and 1m/field data"
268,134,130,478.93,2815.1,-116.7069,40.2956,7532.3,"below 200-closed-px screen; NOT an identified fault; inspect shape, bands and 1m/field data"
269,64,64,476.22,234.28,-119.7421,40.2659,1621.7,"below 200-closed-px screen; NOT an identified fault; inspect shape, bands and 1m/field data"
270,97,95,482.48,1408.37,-118.3618,40.2847,1780.4,"below 200-closed-px screen; NOT an identified fault; inspect shape, bands and 1m/field data"
271,69,69,482.28,394.9,-119.5532,40.2648,2983.3,"below 200-closed-px screen; NOT an identified fault; inspect shape, bands and 1m/field data"
272,29,24,482.0,2472.0,-117.1106,40.2931,120.7,"below 200-closed-px screen; NOT an identified fault; inspect shape, bands and 1m/field data"
277,77,77,491.31,1464.4,-118.2958,40.2776,2236.1,"below 200-closed-px screen; NOT an identified fault; inspect shape, bands and 1m/field data"
278,186,161,497.08,1650.95,-118.0763,40.2746,6041.5,"below 200-closed-px screen; NOT an identified fault; inspect shape, bands and 1m/field data"
279,62,62,496.53,200.39,-119.7812,40.2467,1967.2,"below 200-closed-px screen; NOT an identified fault; inspect shape, bands and 1m/field data"
280,29,29,495.0,2816.0,-116.7059,40.2811,8918.5,"below 200-closed-px screen; NOT an identified fault; inspect shape, bands and 1m/field data"
282,197,170,503.24,1829.53,-117.8662,40.2708,300.0,"below 200-closed-px screen; NOT an identified fault; inspect shape, bands and 1m/field data"
284,29,29,499.0,2380.0,-117.2188,40.2777,5635.6,"below 200-closed-px screen; NOT an identified fault; inspect shape, bands and 1m/field data"
285,36,36,500.5,1970.0,-117.701,40.2744,1733.4,"below 200-closed-px screen; NOT an identified fault; inspect shape, bands and 1m/field data"
287,43,41,506.0,1056.0,-118.7756,40.2579,1700.0,"below 200-closed-px screen; NOT an identified fault; inspect shape, bands and 1m/field data"
288,47,47,506.21,1069.77,-118.7595,40.258,583.1,"below 200-closed-px screen; NOT an identified fault; inspect shape, bands and 1m/field data"
290,64,63,507.77,2707.38,-116.8337,40.2699,5966.6,"below 200-closed-px screen; NOT an identified fault; inspect shape, bands and 1m/field data"
291,107,104,512.92,1037.92,-118.7967,40.2514,685.4,"below 200-closed-px screen; NOT an identified fault; inspect shape, bands and 1m/field data"
292,63,63,512.22,1999.83,-117.6659,40.2641,412.3,"below 200-closed-px screen; NOT an identified fault; inspect shape, bands and 1m/field data"
293,38,38,512.5,208.5,-119.7711,40.2325,3324.2,"below 200-closed-px screen; NOT an identified fault; inspect shape, bands and 1m/field data"
295,144,135,523.72,1019.67,-118.8179,40.2413,600.0,"below 200-closed-px screen; NOT an identified fault; inspect shape, bands and 1m/field data"
296,44,44,514.05,1851.36,-117.8404,40.2613,2362.2,"below 200-closed-px screen; NOT an identified fault; inspect shape, bands and 1m/field data"
297,90,89,516.59,2638.66,-116.9146,40.262,4701.1,"below 200-closed-px screen; NOT an identified fault; inspect shape, bands and 1m/field data"
299,29,29,514.0,1815.0,-117.8832,40.261,509.9,"below 200-closed-px screen; NOT an identified fault; inspect shape, bands and 1m/field data"
300,83,83,517.33,2286.07,-117.3292,40.2609,5503.6,"below 200-closed-px screen; NOT an identified fault; inspect shape, bands and 1m/field data"
303,167,166,526.57,317.87,-119.6422,40.2229,1389.2,"below 200-closed-px screen; NOT an identified fault; inspect shape, bands and 1m/field data"
304,29,29,522.0,2570.0,-116.9953,40.2572,3544.0,"below 200-closed-px screen; NOT an identified fault; inspect shape, bands and 1m/field data"
306,113,109,529.84,221.42,-119.7553,40.2173,2758.6,"below 200-closed-px screen; NOT an identified fault; inspect shape, bands and 1m/field data"
307,139,136,528.45,2372.11,-117.228,40.2511,2640.1,"below 200-closed-px screen; NOT an identified fault; inspect shape, bands and 1m/field data"
308,28,23,528.0,724.89,-119.1641,40.2315,141.4,"below 200-closed-px screen; NOT an identified fault; inspect shape, bands and 1m/field data"
309,41,41,532.34,2077.66,-117.5742,40.2464,3383.8,"below 200-closed-px screen; NOT an identified fault; inspect shape, bands and 1m/field data"
311,29,29,535.0,1865.0,-117.8241,40.2425,2953.0,"below 200-closed-px screen; NOT an identified fault; inspect shape, bands and 1m/field data"
312,113,112,539.23,2603.91,-116.9554,40.2416,5728.9,"below 200-closed-px screen; NOT an identified fault; inspect shape, bands and 1m/field data"
313,83,70,540.08,1912.34,-117.7684,40.2383,3000.8,"below 200-closed-px screen; NOT an identified fault; inspect shape, bands and 1m/field data"
314,171,150,548.14,1940.29,-117.7355,40.2313,435.7,"below 200-closed-px screen; NOT an identified fault; inspect shape, bands and 1m/field data"
315,147,142,542.94,2784.5,-116.7431,40.238,6440.5,"below 200-closed-px screen; NOT an identified fault; inspect shape, bands and 1m/field data"
317,192,188,546.75,2426.68,-117.1638,40.2347,3575.6,"below 200-closed-px screen; NOT an identified fault; inspect shape, bands and 1m/field data"
321,29,29,544.0,1531.0,-118.2166,40.2309,2451.5,"below 200-closed-px screen; NOT an identified fault; inspect shape, bands and 1m/field data"
322,195,169,549.45,2353.56,-117.2497,40.2322,200.0,"below 200-closed-px screen; NOT an identified fault; inspect shape, bands and 1m/field data"
324,65,65,555.51,664.55,-119.2342,40.2054,1421.3,"below 200-closed-px screen; NOT an identified fault; inspect shape, bands and 1m/field data"
325,88,77,557.65,1375.82,-118.3987,40.2166,2024.8,"below 200-closed-px screen; NOT an identified fault; inspect shape, bands and 1m/field data"
326,49,49,559.49,225.43,-119.7495,40.1907,4785.4,"below 200-closed-px screen; NOT an identified fault; inspect shape, bands and 1m/field data"
329,96,88,567.55,514.82,-119.4096,40.191,3480.7,"below 200-closed-px screen; NOT an identified fault; inspect shape, bands and 1m/field data"
331,147,134,577.28,212.35,-119.7642,40.1743,6340.0,"below 200-closed-px screen; NOT an identified fault; inspect shape, bands and 1m/field data"
332,123,116,571.67,1654.74,-118.0708,40.2075,7618.7,"below 200-closed-px screen; NOT an identified fault; inspect shape, bands and 1m/field data"
333,57,53,570.0,546.0,-119.3729,40.1896,5940.5,"below 200-closed-px screen; NOT an identified fault; inspect shape, bands and 1m/field data"
334,29,29,568.0,3126.0,-116.3419,40.2138,3337.7,"below 200-closed-px screen; NOT an identified fault; inspect shape, bands and 1m/field data"
335,29,29,570.0,274.0,-119.6921,40.1826,1236.9,"below 200-closed-px screen; NOT an identified fault; inspect shape, bands and 1m/field data"
338,53,53,573.57,232.83,-119.7403,40.1783,4512.2,"below 200-closed-px screen; NOT an identified fault; inspect shape, bands and 1m/field data"
339,101,90,577.43,2070.87,-117.5818,40.2058,2935.1,"below 200-closed-px screen; NOT an identified fault; inspect shape, bands and 1m/field data"
340,29,29,574.0,1524.0,-118.2243,40.2038,2830.2,"below 200-closed-px screen; NOT an identified fault; inspect shape, bands and 1m/field data"
341,29,29,575.0,1366.0,-118.4099,40.2008,1878.8,"below 200-closed-px screen; NOT an identified fault; inspect shape, bands and 1m/field data"
342,29,29,575.0,1940.0,-117.7356,40.2071,500.0,"below 200-closed-px screen; NOT an identified fault; inspect shape, bands and 1m/field data"
345,50,46,578.5,1192.0,-118.6142,40.195,4594.5,"below 200-closed-px screen; NOT an identified fault; inspect shape, bands and 1m/field data"
347,61,60,583.54,2626.82,-116.9285,40.2017,2864.4,"below 200-closed-px screen; NOT an identified fault; inspect shape, bands and 1m/field data"
348,110,97,589.25,2747.95,-116.7862,40.1964,2716.6,"below 200-closed-px screen; NOT an identified fault; inspect shape, bands and 1m/field data"
353,69,69,590.61,1200.87,-118.6036,40.1842,3452.5,"below 200-closed-px screen; NOT an identified fault; inspect shape, bands and 1m/field data"
354,38,38,588.5,1936.5,-117.7396,40.1949,1036.8,"below 200-closed-px screen; NOT an identified fault; inspect shape, bands and 1m/field data"
355,31,29,588.81,1037.1,-118.7959,40.183,2473.9,"below 200-closed-px screen; NOT an identified fault; inspect shape, bands and 1m/field data"
357,29,29,593.0,1487.0,-118.2675,40.1863,608.3,"below 200-closed-px screen; NOT an identified fault; inspect shape, bands and 1m/field data"
359,18,18,593.0,3288.0,-116.1518,40.1901,2706.4,"below 200-closed-px screen; NOT an identified fault; inspect shape, bands and 1m/field data"
360,147,131,603.43,1510.92,-118.2392,40.1772,781.0,"below 200-closed-px screen; NOT an identified fault; inspect shape, bands and 1m/field data"
361,36,36,595.5,494.0,-119.4331,40.1654,3278.0,"below 200-closed-px screen; NOT an identified fault; inspect shape, bands and 1m/field data"
362,98,90,601.19,2577.08,-116.987,40.1858,5120.1,"below 200-closed-px screen; NOT an identified fault; inspect shape, bands and 1m/field data"
364,65,58,601.0,2063.0,-117.5909,40.1845,2608.6,"below 200-closed-px screen; NOT an identified fault; inspect shape, bands and 1m/field data"
365,43,43,601.0,221.0,-119.7532,40.1532,5433.2,"below 200-closed-px screen; NOT an identified fault; inspect shape, bands and 1m/field data"
366,36,36,603.0,2080.5,-117.5703,40.1828,4319.7,"below 200-closed-px screen; NOT an identified fault; inspect shape, bands and 1m/field data"
367,102,94,606.98,1545.06,-118.1991,40.1744,412.3,"below 200-closed-px screen; NOT an identified fault; inspect shape, bands and 1m/field data"
368,132,121,616.63,1893.28,-117.79,40.1692,1400.0,"below 200-closed-px screen; NOT an identified fault; inspect shape, bands and 1m/field data"
370,125,122,615.07,1817.78,-117.8787,40.17,860.2,"below 200-closed-px screen; NOT an identified fault; inspect shape, bands and 1m/field data"
371,36,36,614.5,240.0,-119.7304,40.1416,3579.8,"below 200-closed-px screen; NOT an identified fault; inspect shape, bands and 1m/field data"
372,36,36,614.5,1652.0,-118.0734,40.1688,6767.2,"below 200-closed-px screen; NOT an identified fault; inspect shape, bands and 1m/field data"
373,110,97,616.4,2318.3,-117.2909,40.1717,223.6,"below 200-closed-px screen; NOT an identified fault; inspect shape, bands and 1m/field data"
375,29,29,617.0,1494.0,-118.2589,40.1647,1941.6,"below 200-closed-px screen; NOT an identified fault; inspect shape, bands and 1m/field data"
376,36,36,619.0,1580.5,-118.1573,40.164,3930.6,"below 200-closed-px screen; NOT an identified fault; inspect shape, bands and 1m/field data"
377,29,29,619.0,2010.0,-117.653,40.1679,1627.9,"below 200-closed-px screen; NOT an identified fault; inspect shape, bands and 1m/field data"
378,43,43,623.0,1477.0,-118.2787,40.1591,2508.0,"below 200-closed-px screen; NOT an identified fault; inspect shape, bands and 1m/field data"
379,115,103,626.82,2398.97,-117.1961,40.1626,200.0,"below 200-closed-px screen; NOT an identified fault; inspect shape, bands and 1m/field data"
380,31,29,623.1,2653.81,-116.8969,40.166,1984.9,"below 200-closed-px screen; NOT an identified fault; inspect shape, bands and 1m/field data"
381,54,54,625.11,1802.48,-117.8966,40.1608,1070.0,"below 200-closed-px screen; NOT an identified fault; inspect shape, bands and 1m/field data"
383,62,53,626.29,1194.0,-118.6109,40.152,200.0,"below 200-closed-px screen; NOT an identified fault; inspect shape, bands and 1m/field data"
384,29,22,630.0,2024.0,-117.6364,40.1581,100.0,"below 200-closed-px screen; NOT an identified fault; inspect shape, bands and 1m/field data"
385,80,80,634.21,2065.7,-117.5874,40.1546,2228.2,"below 200-closed-px screen; NOT an identified fault; inspect shape, bands and 1m/field data"
386,188,173,647.61,2077.46,-117.5735,40.1426,2900.0,"below 200-closed-px screen; NOT an identified fault; inspect shape, bands and 1m/field data"
387,68,67,643.41,2595.82,-116.965,40.1478,4534.3,"below 200-closed-px screen; NOT an identified fault; inspect shape, bands and 1m/field data"
388,29,29,643.0,1975.0,-117.6938,40.1461,3130.5,"below 200-closed-px screen; NOT an identified fault; inspect shape, bands and 1m/field data"
389,102,100,651.18,1425.48,-118.3387,40.133,2001.2,"below 200-closed-px screen; NOT an identified fault; inspect shape, bands and 1m/field data"
390,29,29,647.0,2232.0,-117.3921,40.1439,5308.5,"below 200-closed-px screen; NOT an identified fault; inspect shape, bands and 1m/field data"
392,132,125,657.48,2877.01,-116.6349,40.1345,3785.5,"below 200-closed-px screen; NOT an identified fault; inspect shape, bands and 1m/field data"
394,36,36,658.5,253.0,-119.7136,40.1024,4814.0,"below 200-closed-px screen; NOT an identified fault; inspect shape, bands and 1m/field data"
395,88,72,663.33,1919.1,-117.7593,40.1273,170.7,"below 200-closed-px screen; NOT an identified fault; inspect shape, bands and 1m/field data"
396,46,46,662.0,491.22,-119.4343,40.1054,6088.9,"below 200-closed-px screen; NOT an identified fault; inspect shape, bands and 1m/field data"
397,59,58,662.93,2237.66,-117.3854,40.1295,3820.3,"below 200-closed-px screen; NOT an identified fault; inspect shape, bands and 1m/field data"
398,74,74,663.32,2847.95,-116.6691,40.1294,1972.3,"below 200-closed-px screen; NOT an identified fault; inspect shape, bands and 1m/field data"
399,133,110,665.61,2814.86,-116.7079,40.1274,200.0,"below 200-closed-px screen; NOT an identified fault; inspect shape, bands and 1m/field data"
400,70,70,668.66,520.07,-119.4002,40.1002,8325.6,"below 200-closed-px screen; NOT an identified fault; inspect shape, bands and 1m/field data"
401,71,69,674.61,2599.68,-116.9605,40.1197,2729.5,"below 200-closed-px screen; NOT an identified fault; inspect shape, bands and 1m/field data"
402,69,69,676.2,2253.36,-117.3669,40.1176,2800.0,"below 200-closed-px screen; NOT an identified fault; inspect shape, bands and 1m/field data"
405,195,180,693.47,460.79,-119.4689,40.0764,2501.0,"below 200-closed-px screen; NOT an identified fault; inspect shape, bands and 1m/field data"
406,93,90,693.22,1846.54,-117.8441,40.0998,2280.4,"below 200-closed-px screen; NOT an identified fault; inspect shape, bands and 1m/field data"
407,176,175,696.07,256.4,-119.7083,40.0687,8158.4,"below 200-closed-px screen; NOT an identified fault; inspect shape, bands and 1m/field data"
408,72,71,692.62,672.17,-119.2212,40.0821,3301.5,"below 200-closed-px screen; NOT an identified fault; inspect shape, bands and 1m/field data"
410,90,90,696.4,3146.39,-116.3191,40.098,2644.8,"below 200-closed-px screen; NOT an identified fault; inspect shape, bands and 1m/field data"
412,118,114,700.41,2745.41,-116.7895,40.0962,2443.3,"below 200-closed-px screen; NOT an identified fault; inspect shape, bands and 1m/field data"
413,147,143,702.1,2870.17,-116.6432,40.0944,3546.8,"below 200-closed-px screen; NOT an identified fault; inspect shape, bands and 1m/field data"
414,178,153,704.28,2463.9,-117.1198,40.0929,200.0,"below 200-closed-px screen; NOT an identified fault; inspect shape, bands and 1m/field data"
415,63,58,699.7,1923.25,-117.754,40.0946,500.0,"below 200-closed-px screen; NOT an identified fault; inspect shape, bands and 1m/field data"
418,29,29,704.0,2365.0,-117.2358,40.0929,3801.3,"below 200-closed-px screen; NOT an identified fault; inspect shape, bands and 1m/field data"
419,48,48,706.5,3195.5,-116.2616,40.0886,3661.1,"below 200-closed-px screen; NOT an identified fault; inspect shape, bands and 1m/field data"
421,178,177,718.29,278.6,-119.6815,40.0493,10008.0,"below 200-closed-px screen; NOT an identified fault; inspect shape, bands and 1m/field data"
422,49,49,713.37,253.84,-119.7107,40.053,9871.7,"below 200-closed-px screen; NOT an identified fault; inspect shape, bands and 1m/field data"
423,38,38,714.5,2211.5,-117.4158,40.083,2197.7,"below 200-closed-px screen; NOT an identified fault; inspect shape, bands and 1m/field data"
424,49,45,717.86,820.04,-119.0472,40.0626,300.0,"below 200-closed-px screen; NOT an identified fault; inspect shape, bands and 1m/field data"
425,164,133,724.39,2975.63,-116.5196,40.0738,3301.5,"below 200-closed-px screen; NOT an identified fault; inspect shape, bands and 1m/field data"
426,76,75,719.54,632.59,-119.2668,40.057,2137.8,"below 200-closed-px screen; NOT an identified fault; inspect shape, bands and 1m/field data"
427,38,38,719.5,527.5,-119.3899,40.0546,7702.6,"below 200-closed-px screen; NOT an identified fault; inspect shape, bands and 1m/field data"
428,28,24,719.07,983.93,-118.8551,40.0648,141.4,"below 200-closed-px screen; NOT an identified fault; inspect shape, bands and 1m/field data"
430,88,81,729.11,1070.73,-118.7532,40.0573,1300.0,"below 200-closed-px screen; NOT an identified fault; inspect shape, bands and 1m/field data"
433,72,72,729.06,2213.32,-117.4136,40.0699,3083.8,"below 200-closed-px screen; NOT an identified fault; inspect shape, bands and 1m/field data"
436,29,29,729.0,2734.0,-116.803,40.0705,3900.0,"below 200-closed-px screen; NOT an identified fault; inspect shape, bands and 1m/field data"
438,29,29,732.0,2939.0,-116.5626,40.0671,1486.6,"below 200-closed-px screen; NOT an identified fault; inspect shape, bands and 1m/field data"
439,29,29,734.0,1135.0,-118.6777,40.054,1414.2,"below 200-closed-px screen; NOT an identified fault; inspect shape, bands and 1m/field data"
440,78,66,736.71,3097.45,-116.3768,40.062,200.0,"below 200-closed-px screen; NOT an identified fault; inspect shape, bands and 1m/field data"
441,60,56,737.0,2693.5,-116.8505,40.0634,3457.6,"below 200-closed-px screen; NOT an identified fault; inspect shape, bands and 1m/field data"
442,120,104,741.26,3004.91,-116.4854,40.0585,200.0,"below 200-closed-px screen; NOT an identified fault; inspect shape, bands and 1m/field data"
443,133,122,754.4,3286.98,-116.1548,40.0447,5256.4,"below 200-closed-px screen; NOT an identified fault; inspect shape, bands and 1m/field data"
444,29,29,742.0,525.0,-119.3921,40.0342,7616.4,"below 200-closed-px screen; NOT an identified fault; inspect shape, bands and 1m/field data"
445,190,182,752.89,2475.29,-117.1063,40.0491,412.3,"below 200-closed-px screen; NOT an identified fault; inspect shape, bands and 1m/field data"
446,65,65,747.94,2107.72,-117.5373,40.0524,1910.5,"below 200-closed-px screen; NOT an identified fault; inspect shape, bands and 1m/field data"
449,29,29,756.0,2988.0,-116.5053,40.0453,1140.2,"below 200-closed-px screen; NOT an identified fault; inspect shape, bands and 1m/field data"
450,29,29,762.0,2704.0,-116.8382,40.0408,5197.1,"below 200-closed-px screen; NOT an identified fault; inspect shape, bands and 1m/field data"
452,36,36,765.0,1106.5,-118.7104,40.0256,700.0,"below 200-closed-px screen; NOT an identified fault; inspect shape, bands and 1m/field data"
453,36,36,767.5,514.0,-119.4042,40.011,8280.4,"below 200-closed-px screen; NOT an identified fault; inspect shape, bands and 1m/field data"
454,29,29,778.0,1299.0,-118.4846,40.017,8280.7,"below 200-closed-px screen; NOT an identified fault; inspect shape, bands and 1m/field data"
455,29,29,786.0,1559.0,-118.1799,40.0133,9141.1,"below 200-closed-px screen; NOT an identified fault; inspect shape, bands and 1m/field data"
457,29,29,796.0,1009.0,-118.8239,39.9959,447.2,"below 200-closed-px screen; NOT an identified fault; inspect shape, bands and 1m/field data"
458,61,60,797.15,1115.39,-118.6993,39.9968,1627.9,"below 200-closed-px screen; NOT an identified fault; inspect shape, bands and 1m/field data"
459,44,44,797.95,1806.36,-117.89,40.0051,3111.3,"below 200-closed-px screen; NOT an identified fault; inspect shape, bands and 1m/field data"
461,139,137,806.83,490.85,-119.4301,39.9751,4318.6,"below 200-closed-px screen; NOT an identified fault; inspect shape, bands and 1m/field data"
462,29,29,806.0,605.0,-119.2965,39.9785,1697.1,"below 200-closed-px screen; NOT an identified fault; inspect shape, bands and 1m/field data"
465,44,44,834.36,1264.95,-118.5234,39.9657,3900.6,"below 200-closed-px screen; NOT an identified fault; inspect shape, bands and 1m/field data"
466,75,75,837.89,606.77,-119.2935,39.9499,3255.8,"below 200-closed-px screen; NOT an identified fault; inspect shape, bands and 1m/field data"
468,106,106,849.51,481.01,-119.4402,39.9364,3057.0,"below 200-closed-px screen; NOT an identified fault; inspect shape, bands and 1m/field data"
471,195,183,866.83,365.98,-119.5741,39.9179,8586.6,"below 200-closed-px screen; NOT an identified fault; inspect shape, bands and 1m/field data"
475,171,162,870.88,61.74,-119.9295,39.9058,1253.0,"below 200-closed-px screen; NOT an identified fault; inspect shape, bands and 1m/field data"
479,112,100,890.5,1540.07,-118.2005,39.9189,400.0,"below 200-closed-px screen; NOT an identified fault; inspect shape, bands and 1m/field data"
482,100,85,892.86,1447.35,-118.3089,39.9156,200.0,"below 200-closed-px screen; NOT an identified fault; inspect shape, bands and 1m/field data"
483,99,91,892.63,338.26,-119.6056,39.894,7349.8,"below 200-closed-px screen; NOT an identified fault; inspect shape, bands and 1m/field data"
485,28,24,897.07,573.07,-119.3311,39.8958,141.4,"below 200-closed-px screen; NOT an identified fault; inspect shape, bands and 1m/field data"
486,62,51,901.0,136.71,-119.8408,39.8809,200.0,"below 200-closed-px screen; NOT an identified fault; inspect shape, bands and 1m/field data"
488,29,29,913.0,313.0,-119.6345,39.8749,4504.4,"below 200-closed-px screen; NOT an identified fault; inspect shape, bands and 1m/field data"
491,89,77,930.27,1529.0,-118.2128,39.883,1303.8,"below 200-closed-px screen; NOT an identified fault; inspect shape, bands and 1m/field data"
493,36,30,936.5,1466.0,-118.2863,39.8766,141.4,"below 200-closed-px screen; NOT an identified fault; inspect shape, bands and 1m/field data"
494,181,141,946.09,690.34,-119.1926,39.8543,761.6,"below 200-closed-px screen; NOT an identified fault; inspect shape, bands and 1m/field data"
498,135,132,950.79,731.19,-119.1448,39.851,1614.0,"below 200-closed-px screen; NOT an identified fault; inspect shape, bands and 1m/field data"
499,29,29,946.0,584.0,-119.3168,39.852,3238.8,"below 200-closed-px screen; NOT an identified fault; inspect shape, bands and 1m/field data"
504,59,50,954.34,1251.07,-118.5372,39.8574,170.7,"below 200-closed-px screen; NOT an identified fault; inspect shape, bands and 1m/field data"
505,67,67,956.76,676.22,-119.2088,39.8444,1392.8,"below 200-closed-px screen; NOT an identified fault; inspect shape, bands and 1m/field data"
506,147,142,965.73,709.93,-119.1692,39.8371,1710.3,"below 200-closed-px screen; NOT an identified fault; inspect shape, bands and 1m/field data"
507,64,60,970.5,757.0,-119.1141,39.8338,1005.0,"below 200-closed-px screen; NOT an identified fault; inspect shape, bands and 1m/field data"
508,96,80,972.31,614.19,-119.2808,39.829,141.4,"below 200-closed-px screen; NOT an identified fault; inspect shape, bands and 1m/field data"
509,41,41,976.66,742.34,-119.131,39.8279,2140.1,"below 200-closed-px screen; NOT an identified fault; inspect shape, bands and 1m/field data"
510,128,99,990.65,544.05,-119.3621,39.8109,2059.1,"below 200-closed-px screen; NOT an identified fault; inspect shape, bands and 1m/field data"
512,43,43,987.0,560.0,-119.3436,39.8145,3606.9,"below 200-closed-px screen; NOT an identified fault; inspect shape, bands and 1m/field data"
514,29,29,994.0,749.0,-119.1228,39.8125,2158.7,"below 200-closed-px screen; NOT an identified fault; inspect shape, bands and 1m/field data"
516,95,92,999.13,899.35,-118.9471,39.8109,2854.8,"below 200-closed-px screen; NOT an identified fault; inspect shape, bands and 1m/field data"
517,71,65,998.0,257.0,-119.6969,39.7969,948.7,"below 200-closed-px screen; NOT an identified fault; inspect shape, bands and 1m/field data"
518,29,29,999.0,573.0,-119.3281,39.804,4176.1,"below 200-closed-px screen; NOT an identified fault; inspect shape, bands and 1m/field data"
523,70,70,1007.9,561.57,-119.3411,39.7958,2915.5,"below 200-closed-px screen; NOT an identified fault; inspect shape, bands and 1m/field data"
524,160,141,1012.41,889.29,-118.9585,39.7988,1802.8,"below 200-closed-px screen; NOT an identified fault; inspect shape, bands and 1m/field data"
525,63,54,1008.76,1186.3,-118.6118,39.8074,200.0,"below 200-closed-px screen; NOT an identified fault; inspect shape, bands and 1m/field data"
528,110,92,1038.35,385.05,-119.5461,39.764,724.6,"below 200-closed-px screen; NOT an identified fault; inspect shape, bands and 1m/field data"
530,29,29,1039.0,575.0,-119.3245,39.7681,1431.8,"below 200-closed-px screen; NOT an identified fault; inspect shape, bands and 1m/field data"
531,27,27,1041.81,633.07,-119.2567,39.7669,223.6,"below 200-closed-px screen; NOT an identified fault; inspect shape, bands and 1m/field data"
532,83,77,1044.19,515.45,-119.3938,39.762,400.0,"below 200-closed-px screen; NOT an identified fault; inspect shape, bands and 1m/field data"
533,60,58,1045.5,821.5,-119.0367,39.7676,2109.5,"below 200-closed-px screen; NOT an identified fault; inspect shape, bands and 1m/field data"
535,112,92,1068.43,1141.54,-118.6628,39.7529,141.4,"below 200-closed-px screen; NOT an identified fault; inspect shape, bands and 1m/field data"
536,38,35,1064.71,1356.89,-118.4115,39.7596,200.0,"below 200-closed-px screen; NOT an identified fault; inspect shape, bands and 1m/field data"
537,82,64,1068.84,1194.66,-118.6008,39.7534,100.0,"below 200-closed-px screen; NOT an identified fault; inspect shape, bands and 1m/field data"
538,29,29,1066.0,915.0,-118.9271,39.751,1612.5,"below 200-closed-px screen; NOT an identified fault; inspect shape, bands and 1m/field data"
539,160,142,1074.17,593.57,-119.3018,39.7368,282.8,"below 200-closed-px screen; NOT an identified fault; inspect shape, bands and 1m/field data"
540,38,38,1072.5,1038.5,-118.7829,39.7475,4115.2,"below 200-closed-px screen; NOT an identified fault; inspect shape, bands and 1m/field data"
543,122,113,1081.16,1295.3,-118.4831,39.7439,360.6,"below 200-closed-px screen; NOT an identified fault; inspect shape, bands and 1m/field data"
544,86,75,1090.26,515.97,-119.3918,39.7205,948.7,"below 200-closed-px screen; NOT an identified fault; inspect shape, bands and 1m/field data"
546,129,105,1107.16,288.22,-119.6567,39.6995,800.0,"below 200-closed-px screen; NOT an identified fault; inspect shape, bands and 1m/field data"
547,91,91,1108.58,766.87,-119.0988,39.7097,1204.2,"below 200-closed-px screen; NOT an identified fault; inspect shape, bands and 1m/field data"
548,29,29,1106.0,387.0,-119.5416,39.7032,1843.9,"below 200-closed-px screen; NOT an identified fault; inspect shape, bands and 1m/field data"
549,35,30,1111.43,752.06,-119.1159,39.7068,141.4,"below 200-closed-px screen; NOT an identified fault; inspect shape, bands and 1m/field data"
551,56,56,1125.71,306.59,-119.6346,39.6833,1226.7,"below 200-closed-px screen; NOT an identified fault; inspect shape, bands and 1m/field data"
552,41,41,1133.34,638.66,-119.2475,39.6846,860.2,"below 200-closed-px screen; NOT an identified fault; inspect shape, bands and 1m/field data"
553,31,29,1137.1,287.81,-119.6561,39.6726,806.2,"below 200-closed-px screen; NOT an identified fault; inspect shape, bands and 1m/field data"
554,26,26,1138.12,869.27,-118.9786,39.6852,291.4,"below 200-closed-px screen; NOT an identified fault; inspect shape, bands and 1m/field data"
555,37,31,1163.59,963.51,-118.8681,39.6641,200.0,"below 200-closed-px screen; NOT an identified fault; inspect shape, bands and 1m/field data"
558,34,34,1199.38,1023.12,-118.7979,39.6329,316.2,"below 200-closed-px screen; NOT an identified fault; inspect shape, bands and 1m/field data"
559,38,38,1208.5,1413.5,-118.3429,39.6309,1524.8,"below 200-closed-px screen; NOT an identified fault; inspect shape, bands and 1m/field data"
562,65,65,1215.45,410.75,-119.5104,39.6052,1500.0,"below 200-closed-px screen; NOT an identified fault; inspect shape, bands and 1m/field data"
563,96,85,1216.59,458.57,-119.4547,39.6054,282.8,"below 200-closed-px screen; NOT an identified fault; inspect shape, bands and 1m/field data"
564,29,29,1219.0,578.0,-119.3156,39.6061,2247.2,"below 200-closed-px screen; NOT an identified fault; inspect shape, bands and 1m/field data"
567,38,36,1224.68,598.08,-119.2921,39.6014,2273.8,"below 200-closed-px screen; NOT an identified fault; inspect shape, bands and 1m/field data"
568,126,120,1228.5,1447.27,-118.3033,39.6133,2158.7,"below 200-closed-px screen; NOT an identified fault; inspect shape, bands and 1m/field data"
570,149,111,1234.6,630.62,-119.2539,39.5932,400.0,"below 200-closed-px screen; NOT an identified fault; inspect shape, bands and 1m/field data"
573,46,44,1237.0,1418.22,-118.337,39.6053,300.0,"below 200-closed-px screen; NOT an identified fault; inspect shape, bands and 1m/field data"
574,90,74,1241.94,802.04,-119.0542,39.5903,223.6,"below 200-closed-px screen; NOT an identified fault; inspect shape, bands and 1m/field data"
576,38,38,1250.5,419.5,-119.499,39.5739,1301.9,"below 200-closed-px screen; NOT an identified fault; inspect shape, bands and 1m/field data"
579,82,80,1255.41,1405.12,-118.3519,39.5885,806.2,"below 200-closed-px screen; NOT an identified fault; inspect shape, bands and 1m/field data"
580,114,104,1261.8,585.63,-119.3054,39.5677,2194.3,"below 200-closed-px screen; NOT an identified fault; inspect shape, bands and 1m/field data"
581,47,47,1261.79,680.23,-119.1954,39.5699,2377.0,"below 200-closed-px screen; NOT an identified fault; inspect shape, bands and 1m/field data"
582,29,29,1265.0,1419.0,-118.3356,39.58,1749.3,"below 200-closed-px screen; NOT an identified fault; inspect shape, bands and 1m/field data"
583,77,74,1271.25,739.0,-119.1268,39.5626,2355.8,"below 200-closed-px screen; NOT an identified fault; inspect shape, bands and 1m/field data"
584,29,29,1271.0,292.0,-119.6466,39.5522,1431.8,"below 200-closed-px screen; NOT an identified fault; inspect shape, bands and 1m/field data"
585,36,35,1277.5,1233.67,-118.551,39.5661,200.0,"below 200-closed-px screen; NOT an identified fault; inspect shape, bands and 1m/field data"
586,43,43,1279.0,711.0,-119.1591,39.555,2140.1,"below 200-closed-px screen; NOT an identified fault; inspect shape, bands and 1m/field data"
587,54,47,1287.78,669.52,-119.2071,39.5462,200.0,"below 200-closed-px screen; NOT an identified fault; inspect shape, bands and 1m/field data"
588,65,55,1287.25,770.55,-119.0896,39.5489,223.6,"below 200-closed-px screen; NOT an identified fault; inspect shape, bands and 1m/field data"
590,47,46,1293.21,481.77,-119.4253,39.537,3233.4,"below 200-closed-px screen; NOT an identified fault; inspect shape, bands and 1m/field data"
591,116,115,1297.62,809.38,-119.0442,39.5403,761.6,"below 200-closed-px screen; NOT an identified fault; inspect shape, bands and 1m/field data"
592,83,74,1297.14,726.6,-119.1405,39.539,316.2,"below 200-closed-px screen; NOT an identified fault; inspect shape, bands and 1m/field data"
596,90,81,1305.44,1075.87,-118.734,39.5383,223.6,"below 200-closed-px screen; NOT an identified fault; inspect shape, bands and 1m/field data"
597,130,119,1320.51,936.45,-118.8958,39.5222,223.6,"below 200-closed-px screen; NOT an identified fault; inspect shape, bands and 1m/field data"
599,87,85,1322.29,687.83,-119.1848,39.5156,1360.1,"below 200-closed-px screen; NOT an identified fault; inspect shape, bands and 1m/field data"
600,58,52,1322.64,954.52,-118.8748,39.5207,200.0,"below 200-closed-px screen; NOT an identified fault; inspect shape, bands and 1m/field data"
601,28,24,1324.11,1306.0,-118.466,39.5252,200.0,"below 200-closed-px screen; NOT an identified fault; inspect shape, bands and 1m/field data"
602,82,75,1329.89,703.89,-119.166,39.5091,282.8,"below 200-closed-px screen; NOT an identified fault; inspect shape, bands and 1m/field data"
604,62,62,1334.24,1644.35,-118.0722,39.5204,1396.4,"below 200-closed-px screen; NOT an identified fault; inspect shape, bands and 1m/field data"
605,27,27,1336.07,789.19,-119.0666,39.5053,282.8,"below 200-closed-px screen; NOT an identified fault; inspect shape, bands and 1m/field data"
606,29,29,1338.0,801.0,-119.0529,39.5038,1303.8,"below 200-closed-px screen; NOT an identified fault; inspect shape, bands and 1m/field data"
607,29,29,1340.0,537.0,-119.3596,39.4962,1392.8,"below 200-closed-px screen; NOT an identified fault; inspect shape, bands and 1m/field data"
608,29,29,1340.0,575.0,-119.3155,39.4971,1334.2,"below 200-closed-px screen; NOT an identified fault; inspect shape, bands and 1m/field data"
610,102,95,1353.71,1302.56,-118.4694,39.4985,1486.6,"below 200-closed-px screen; NOT an identified fault; inspect shape, bands and 1m/field data"
612,29,29,1350.0,489.0,-119.4151,39.486,1166.2,"below 200-closed-px screen; NOT an identified fault; inspect shape, bands and 1m/field data"
619,82,76,1366.82,1605.7,-118.1167,39.4906,2616.3,"below 200-closed-px screen; NOT an identified fault; inspect shape, bands and 1m/field data"
620,192,176,1367.33,445.79,-119.4647,39.4694,538.5,"below 200-closed-px screen; NOT an identified fault; inspect shape, bands and 1m/field data"
621,110,107,1373.75,523.5,-119.3743,39.4655,1523.2,"below 200-closed-px screen; NOT an identified fault; inspect shape, bands and 1m/field data"
622,29,29,1378.0,596.0,-119.2899,39.4634,2408.3,"below 200-closed-px screen; NOT an identified fault; inspect shape, bands and 1m/field data"
624,29,29,1386.0,1594.0,-118.1301,39.4732,1421.3,"below 200-closed-px screen; NOT an identified fault; inspect shape, bands and 1m/field data"
625,31,29,1387.9,814.19,-119.0362,39.4591,2360.1,"below 200-closed-px screen; NOT an identified fault; inspect shape, bands and 1m/field data"
627,71,68,1392.68,1606.39,-118.1156,39.4673,2039.6,"below 200-closed-px screen; NOT an identified fault; inspect shape, bands and 1m/field data"
628,37,34,1404.41,656.49,-119.2189,39.4409,253.2,"below 200-closed-px screen; NOT an identified fault; inspect shape, bands and 1m/field data"
629,52,52,1410.85,304.15,-119.6278,39.4266,3694.6,"below 200-closed-px screen; NOT an identified fault; inspect shape, bands and 1m/field data"
631,164,138,1431.62,1352.15,-118.4103,39.429,200.0,"below 200-closed-px screen; NOT an identified fault; inspect shape, bands and 1m/field data"
633,29,29,1427.0,1689.0,-118.0191,39.4373,2236.1,"below 200-closed-px screen; NOT an identified fault; inspect shape, bands and 1m/field data"
634,53,51,1429.64,853.36,-118.9896,39.4224,2236.1,"below 200-closed-px screen; NOT an identified fault; inspect shape, bands and 1m/field data"
635,75,75,1432.79,458.88,-119.4475,39.4108,4491.1,"below 200-closed-px screen; NOT an identified fault; inspect shape, bands and 1m/field data"
636,67,67,1434.22,794.48,-119.0579,39.417,2247.2,"below 200-closed-px screen; NOT an identified fault; inspect shape, bands and 1m/field data"
637,29,29,1435.0,489.0,-119.4124,39.4095,3612.5,"below 200-closed-px screen; NOT an identified fault; inspect shape, bands and 1m/field data"
640,29,29,1439.0,1188.0,-118.6008,39.4199,905.5,"below 200-closed-px screen; NOT an identified fault; inspect shape, bands and 1m/field data"
641,50,46,1440.5,1709.0,-117.9957,39.4253,2264.9,"below 200-closed-px screen; NOT an identified fault; inspect shape, bands and 1m/field data"
642,29,29,1443.0,866.0,-118.9746,39.4106,1769.2,"below 200-closed-px screen; NOT an identified fault; inspect shape, bands and 1m/field data"
643,165,143,1451.15,350.05,-119.5732,39.3915,1486.6,"below 200-closed-px screen; NOT an identified fault; inspect shape, bands and 1m/field data"
645,85,85,1459.09,369.18,-119.5507,39.3849,894.4,"below 200-closed-px screen; NOT an identified fault; inspect shape, bands and 1m/field data"
646,29,29,1462.0,825.0,-119.0217,39.3926,509.9,"below 200-closed-px screen; NOT an identified fault; inspect shape, bands and 1m/field data"
647,84,83,1468.75,1716.24,-117.9869,39.3999,1964.7,"below 200-closed-px screen; NOT an identified fault; inspect shape, bands and 1m/field data"
650,47,47,1468.23,437.79,-119.4708,39.3784,1334.2,"below 200-closed-px screen; NOT an identified fault; inspect shape, bands and 1m/field data"
651,53,46,1471.83,497.43,-119.4015,39.3766,141.4,"below 200-closed-px screen; NOT an identified fault; inspect shape, bands and 1m/field data"
652,132,119,1475.65,594.42,-119.2889,39.3754,2353.7,"below 200-closed-px screen; NOT an identified fault; inspect shape, bands and 1m/field data"
653,59,59,1475.97,398.24,-119.5164,39.3704,1431.8,"below 200-closed-px screen; NOT an identified fault; inspect shape, bands and 1m/field data"
654,174,133,1486.2,900.29,-118.9337,39.3723,200.0,"below 200-closed-px screen; NOT an identified fault; inspect shape, bands and 1m/field data"
655,167,142,1489.53,620.97,-119.2577,39.3635,300.0,"below 200-closed-px screen; NOT an identified fault; inspect shape, bands and 1m/field data"
656,187,132,1487.99,1703.64,-118.0013,39.3825,2706.4,"below 200-closed-px screen; NOT an identified fault; inspect shape, bands and 1m/field data"
657,91,78,1488.04,927.36,-118.9023,39.3712,200.0,"below 200-closed-px screen; NOT an identified fault; inspect shape, bands and 1m/field data"
658,46,42,1489.52,396.02,-119.5186,39.3582,223.6,"below 200-closed-px screen; NOT an identified fault; inspect shape, bands and 1m/field data"
659,55,55,1509.73,1158.73,-118.6333,39.3557,905.5,"below 200-closed-px screen; NOT an identified fault; inspect shape, bands and 1m/field data"
662,25,24,1520.68,842.0,-119.0005,39.3401,200.0,"below 200-closed-px screen; NOT an identified fault; inspect shape, bands and 1m/field data"
663,46,44,1522.07,1578.22,-118.1464,39.3504,1953.2,"below 200-closed-px screen; NOT an identified fault; inspect shape, bands and 1m/field data"
664,144,139,1538.38,625.58,-119.2509,39.3196,707.1,"below 200-closed-px screen; NOT an identified fault; inspect shape, bands and 1m/field data"
667,36,36,1550.0,1447.5,-118.2976,39.3237,2262.7,"below 200-closed-px screen; NOT an identified fault; inspect shape, bands and 1m/field data"
669,36,36,1560.5,1373.0,-118.3838,39.3132,3287.1,"below 200-closed-px screen; NOT an identified fault; inspect shape, bands and 1m/field data"
671,120,107,1580.55,1378.15,-118.3775,39.2952,2729.5,"below 200-closed-px screen; NOT an identified fault; inspect shape, bands and 1m/field data"
673,82,68,1582.51,1332.63,-118.4302,39.2928,200.0,"below 200-closed-px screen; NOT an identified fault; inspect shape, bands and 1m/field data"
674,54,53,1587.31,1357.69,-118.4011,39.2889,1902.6,"below 200-closed-px screen; NOT an identified fault; inspect shape, bands and 1m/field data"
675,60,59,1594.9,680.27,-119.186,39.2699,1581.1,"below 200-closed-px screen; NOT an identified fault; inspect shape, bands and 1m/field data"
679,101,85,1613.41,851.05,-118.9876,39.2568,360.6,"below 200-closed-px screen; NOT an identified fault; inspect shape, bands and 1m/field data"
681,29,29,1612.0,1340.0,-118.4212,39.2664,2508.0,"below 200-closed-px screen; NOT an identified fault; inspect shape, bands and 1m/field data"
687,76,65,1639.71,1201.43,-118.5812,39.2393,1824.8,"below 200-closed-px screen; NOT an identified fault; inspect shape, bands and 1m/field data"
690,36,29,1642.5,579.75,-119.301,39.2248,700.0,"below 200-closed-px screen; NOT an identified fault; inspect shape, bands and 1m/field data"
692,47,46,1645.79,1379.23,-118.3751,39.2365,1558.8,"below 200-closed-px screen; NOT an identified fault; inspect shape, bands and 1m/field data"
693,29,29,1647.0,939.0,-118.8849,39.2283,922.0,"below 200-closed-px screen; NOT an identified fault; inspect shape, bands and 1m/field data"
694,78,67,1654.85,668.76,-119.1976,39.2157,200.0,"below 200-closed-px screen; NOT an identified fault; inspect shape, bands and 1m/field data"
695,41,36,1653.34,922.34,-118.9041,39.2222,141.4,"below 200-closed-px screen; NOT an identified fault; inspect shape, bands and 1m/field data"
696,36,36,1654.5,614.0,-119.261,39.2148,1400.0,"below 200-closed-px screen; NOT an identified fault; inspect shape, bands and 1m/field data"
697,129,113,1660.91,646.99,-119.2226,39.2098,447.2,"below 200-closed-px screen; NOT an identified fault; inspect shape, bands and 1m/field data"
699,68,68,1666.24,1542.43,-118.1857,39.2201,2264.9,"below 200-closed-px screen; NOT an identified fault; inspect shape, bands and 1m/field data"
700,58,56,1666.43,1212.07,-118.5683,39.2154,406.2,"below 200-closed-px screen; NOT an identified fault; inspect shape, bands and 1m/field data"
704,31,29,1676.19,727.9,-119.1286,39.1978,948.7,"below 200-closed-px screen; NOT an identified fault; inspect shape, bands and 1m/field data"
705,52,38,1685.62,721.27,-119.136,39.1891,141.4,"below 200-closed-px screen; NOT an identified fault; inspect shape, bands and 1m/field data"
707,29,29,1689.0,705.0,-119.1547,39.1857,360.6,"below 200-closed-px screen; NOT an identified fault; inspect shape, bands and 1m/field data"
711,163,149,1712.42,826.71,-119.0133,39.1672,3036.4,"below 200-closed-px screen; NOT an identified fault; inspect shape, bands and 1m/field data"
712,118,116,1712.23,1060.52,-118.7428,39.1717,4137.0,"below 200-closed-px screen; NOT an identified fault; inspect shape, bands and 1m/field data"
713,59,59,1712.75,1247.61,-118.5262,39.1743,1000.0,"below 200-closed-px screen; NOT an identified fault; inspect shape, bands and 1m/field data"
714,36,36,1717.5,1307.0,-118.4574,39.1709,1901.3,"below 200-closed-px screen; NOT an identified fault; inspect shape, bands and 1m/field data"
716,25,22,1722.2,929.68,-118.8939,39.1604,120.7,"below 200-closed-px screen; NOT an identified fault; inspect shape, bands and 1m/field data"
717,29,29,1724.0,1323.0,-118.4388,39.1652,360.6,"below 200-closed-px screen; NOT an identified fault; inspect shape, bands and 1m/field data"
718,29,29,1724.0,1355.0,-118.4018,39.1657,1500.0,"below 200-closed-px screen; NOT an identified fault; inspect shape, bands and 1m/field data"
720,60,52,1727.37,1238.18,-118.5369,39.161,200.0,"below 200-closed-px screen; NOT an identified fault; inspect shape, bands and 1m/field data"
722,29,29,1738.0,1056.0,-118.7474,39.1484,1513.3,"below 200-closed-px screen; NOT an identified fault; inspect shape, bands and 1m/field data"
723,29,29,1744.0,1226.0,-118.5506,39.1458,1664.3,"below 200-closed-px screen; NOT an identified fault; inspect shape, bands and 1m/field data"
724,50,50,1745.94,836.04,-119.0016,39.1372,447.2,"below 200-closed-px screen; NOT an identified fault; inspect shape, bands and 1m/field data"
727,29,28,1753.0,1276.0,-118.4926,39.1384,300.0,"below 200-closed-px screen; NOT an identified fault; inspect shape, bands and 1m/field data"
729,56,50,1759.96,834.25,-119.0033,39.1245,200.0,"below 200-closed-px screen; NOT an identified fault; inspect shape, bands and 1m/field data"
731,46,45,1764.0,1222.22,-118.5546,39.1277,2147.1,"below 200-closed-px screen; NOT an identified fault; inspect shape, bands and 1m/field data"
735,36,36,1793.5,1640.0,-118.071,39.1066,2059.1,"below 200-closed-px screen; NOT an identified fault; inspect shape, bands and 1m/field data"
736,36,36,1801.0,808.5,-119.032,39.087,1774.8,"below 200-closed-px screen; NOT an identified fault; inspect shape, bands and 1m/field data"
737,27,24,1813.89,1289.15,-118.4763,39.0838,141.4,"below 200-closed-px screen; NOT an identified fault; inspect shape, bands and 1m/field data"
738,29,29,1823.0,1453.0,-118.2867,39.0778,3662.0,"below 200-closed-px screen; NOT an identified fault; inspect shape, bands and 1m/field data"
739,72,70,1827.5,1473.0,-118.2635,39.074,3490.7,"below 200-closed-px screen; NOT an identified fault; inspect shape, bands and 1m/field data"
740,27,23,1828.04,1648.93,-118.0602,39.0756,141.4,"below 200-closed-px screen; NOT an identified fault; inspect shape, bands and 1m/field data"
741,102,94,1833.1,819.35,-119.0187,39.0583,223.6,"below 200-closed-px screen; NOT an identified fault; inspect shape, bands and 1m/field data"
742,45,45,1833.0,1581.0,-118.1386,39.0703,1627.9,"below 200-closed-px screen; NOT an identified fault; inspect shape, bands and 1m/field data"
743,140,129,1846.64,1371.01,-118.3811,39.0554,2594.2,"below 200-closed-px screen; NOT an identified fault; inspect shape, bands and 1m/field data"
745,44,44,1842.95,1292.36,-118.472,39.0576,1554.0,"below 200-closed-px screen; NOT an identified fault; inspect shape, bands and 1m/field data"
747,29,29,1845.0,970.0,-118.8444,39.0505,2126.0,"below 200-closed-px screen; NOT an identified fault; inspect shape, bands and 1m/field data"
750,36,36,1854.5,959.0,-118.8569,39.0417,707.1,"below 200-closed-px screen; NOT an identified fault; inspect shape, bands and 1m/field data"
751,36,36,1854.0,1608.5,-118.1066,39.0517,943.4,"below 200-closed-px screen; NOT an identified fault; inspect shape, bands and 1m/field data"
752,107,98,1861.84,1107.33,-118.6854,39.0377,429.8,"below 200-closed-px screen; NOT an identified fault; inspect shape, bands and 1m/field data"
753,57,57,1865.33,1537.39,-118.1886,39.0407,1204.2,"below 200-closed-px screen; NOT an identified fault; inspect shape, bands and 1m/field data"
757,36,36,1893.0,1257.5,-118.5113,39.012,358.1,"below 200-closed-px screen; NOT an identified fault; inspect shape, bands and 1m/field data"
758,29,26,1914.0,1190.69,-118.5881,38.9921,223.6,"below 200-closed-px screen; NOT an identified fault; inspect shape, bands and 1m/field data"
759,29,29,1935.0,1753.0,-117.9386,38.9802,7430.3,"below 200-closed-px screen; NOT an identified fault; inspect shape, bands and 1m/field data"
760,93,90,1940.74,1702.69,-117.9966,38.9746,4834.2,"below 200-closed-px screen; NOT an identified fault; inspect shape, bands and 1m/field data"
761,117,115,1952.62,1284.2,-118.4794,38.9587,3544.0,"below 200-closed-px screen; NOT an identified fault; inspect shape, bands and 1m/field data"
762,36,36,1973.0,1288.5,-118.474,38.9404,3609.0,"below 200-closed-px screen; NOT an identified fault; inspect shape, bands and 1m/field data"
763,41,33,1983.0,1502.1,-118.2275,38.9343,100.0,"below 200-closed-px screen; NOT an identified fault; inspect shape, bands and 1m/field data"
764,31,29,1986.19,1291.9,-118.4699,38.9286,2308.7,"below 200-closed-px screen; NOT an identified fault; inspect shape, bands and 1m/field data"
767,91,77,2000.62,1496.18,-118.234,38.9183,200.0,"below 200-closed-px screen; NOT an identified fault; inspect shape, bands and 1m/field data"
769,61,55,2006.87,1158.51,-118.6233,38.9079,223.6,"below 200-closed-px screen; NOT an identified fault; inspect shape, bands and 1m/field data"
770,36,36,2013.5,1128.0,-118.6583,38.9015,2010.0,"below 200-closed-px screen; NOT an identified fault; inspect shape, bands and 1m/field data"
771,86,86,2018.74,1115.69,-118.6724,38.8965,3324.2,"below 200-closed-px screen; NOT an identified fault; inspect shape, bands and 1m/field data"
773,114,82,2035.94,1158.82,-118.6223,38.8818,141.4,"below 200-closed-px screen; NOT an identified fault; inspect shape, bands and 1m/field data"
774,174,160,2036.46,1714.05,-117.9823,38.8884,300.0,"below 200-closed-px screen; NOT an identified fault; inspect shape, bands and 1m/field data"
775,29,29,2032.0,1245.0,-118.5231,38.8866,1400.0,"below 200-closed-px screen; NOT an identified fault; inspect shape, bands and 1m/field data"
776,95,94,2043.32,1120.41,-118.6664,38.8745,3801.3,"below 200-closed-px screen; NOT an identified fault; inspect shape, bands and 1m/field data"
778,140,123,2064.85,1169.54,-118.6094,38.8559,200.0,"below 200-closed-px screen; NOT an identified fault; inspect shape, bands and 1m/field data"
781,31,29,2074.81,1605.9,-118.1065,38.8528,2100.0,"below 200-closed-px screen; NOT an identified fault; inspect shape, bands and 1m/field data"
782,121,105,2103.93,1173.76,-118.6037,38.8208,200.0,"below 200-closed-px screen; NOT an identified fault; inspect shape, bands and 1m/field data"
783,38,38,2101.5,1322.5,-118.4325,38.8252,2133.1,"below 200-closed-px screen; NOT an identified fault; inspect shape, bands and 1m/field data"
784,111,107,2103.06,1378.25,-118.3683,38.8245,1118.0,"below 200-closed-px screen; NOT an identified fault; inspect shape, bands and 1m/field data"
785,29,29,2102.0,1142.0,-118.6403,38.822,2983.3,"below 200-closed-px screen; NOT an identified fault; inspect shape, bands and 1m/field data"
787,146,124,2109.54,1615.62,-118.0948,38.8216,992.4,"below 200-closed-px screen; NOT an identified fault; inspect shape, bands and 1m/field data"
788,29,29,2109.0,1157.0,-118.6229,38.8159,1676.3,"below 200-closed-px screen; NOT an identified fault; inspect shape, bands and 1m/field data"
795,40,34,2121.97,1178.55,-118.5979,38.8046,170.7,"below 200-closed-px screen; NOT an identified fault; inspect shape, bands and 1m/field data"
796,106,89,2124.99,1391.58,-118.3525,38.805,424.3,"below 200-closed-px screen; NOT an identified fault; inspect shape, bands and 1m/field data"
797,41,41,2130.66,1280.66,-118.4801,38.7983,2758.6,"below 200-closed-px screen; NOT an identified fault; inspect shape, bands and 1m/field data"
801,30,24,2145.17,1330.27,-118.4228,38.7859,141.4,"below 200-closed-px screen; NOT an identified fault; inspect shape, bands and 1m/field data"
803,66,65,2151.41,1640.56,-118.0655,38.7841,2195.4,"below 200-closed-px screen; NOT an identified fault; inspect shape, bands and 1m/field data"
804,34,34,2156.5,1419.18,-118.3202,38.7769,300.0,"below 200-closed-px screen; NOT an identified fault; inspect shape, bands and 1m/field data"
805,36,36,2156.0,1436.5,-118.3003,38.7776,1927.4,"below 200-closed-px screen; NOT an identified fault; inspect shape, bands and 1m/field data"
806,159,153,2170.14,1156.81,-118.6219,38.7608,2816.0,"below 200-closed-px screen; NOT an identified fault; inspect shape, bands and 1m/field data"
807,113,103,2171.09,1501.51,-118.2253,38.7648,2236.1,"below 200-closed-px screen; NOT an identified fault; inspect shape, bands and 1m/field data"
808,29,24,2166.0,1739.0,-117.952,38.7719,141.4,"below 200-closed-px screen; NOT an identified fault; inspect shape, bands and 1m/field data"
811,29,29,2209.0,1463.0,-118.269,38.7302,1838.5,"below 200-closed-px screen; NOT an identified fault; inspect shape, bands and 1m/field data"
813,29,29,2218.0,1634.0,-118.0721,38.724,2220.4,"below 200-closed-px screen; NOT an identified fault; inspect shape, bands and 1m/field data"
815,69,67,2224.38,1418.14,-118.3203,38.7158,1476.5,"below 200-closed-px screen; NOT an identified fault; inspect shape, bands and 1m/field data"
816,90,82,2236.24,1430.1,-118.3064,38.7052,1343.5,"below 200-closed-px screen; NOT an identified fault; inspect shape, bands and 1m/field data"
817,29,29,2234.0,1140.0,-118.6399,38.703,7158.9,"below 200-closed-px screen; NOT an identified fault; inspect shape, bands and 1m/field data"
818,28,23,2237.89,1690.0,-118.0075,38.7067,141.4,"below 200-closed-px screen; NOT an identified fault; inspect shape, bands and 1m/field data"
819,106,95,2246.24,1509.24,-118.2152,38.6972,200.0,"below 200-closed-px screen; NOT an identified fault; inspect shape, bands and 1m/field data"
822,53,53,2252.53,1736.15,-117.9542,38.694,2209.1,"below 200-closed-px screen; NOT an identified fault; inspect shape, bands and 1m/field data"
824,38,38,2254.5,1496.5,-118.2297,38.6896,1431.7,"below 200-closed-px screen; NOT an identified fault; inspect shape, bands and 1m/field data"
825,29,29,2268.0,1199.0,-118.5714,38.6733,6957.0,"below 200-closed-px screen; NOT an identified fault; inspect shape, bands and 1m/field data"
826,41,41,2271.66,1493.34,-118.2331,38.6741,1838.5,"below 200-closed-px screen; NOT an identified fault; inspect shape, bands and 1m/field data"
827,50,48,2275.5,1724.0,-117.9679,38.6731,2158.7,"below 200-closed-px screen; NOT an identified fault; inspect shape, bands and 1m/field data"
828,57,57,2276.12,1446.0,-118.2874,38.6695,1029.6,"below 200-closed-px screen; NOT an identified fault; inspect shape, bands and 1m/field data"
830,27,22,2284.0,1865.0,-117.8058,38.6667,200.0,"below 200-closed-px screen; NOT an identified fault; inspect shape, bands and 1m/field data"
831,106,91,2295.16,1232.97,-118.5319,38.6494,2745.9,"below 200-closed-px screen; NOT an identified fault; inspect shape, bands and 1m/field data"
832,111,110,2303.09,1871.68,-117.7979,38.6496,670.8,"below 200-closed-px screen; NOT an identified fault; inspect shape, bands and 1m/field data"
833,71,71,2298.2,1889.13,-117.7779,38.6541,2302.2,"below 200-closed-px screen; NOT an identified fault; inspect shape, bands and 1m/field data"
836,120,110,2322.29,1783.58,-117.8989,38.6315,800.0,"below 200-closed-px screen; NOT an identified fault; inspect shape, bands and 1m/field data"
837,29,29,2325.0,1739.0,-117.9501,38.6287,1562.0,"below 200-closed-px screen; NOT an identified fault; inspect shape, bands and 1m/field data"
839,104,94,2355.89,1571.86,-118.1417,38.5991,2431.0,"below 200-closed-px screen; NOT an identified fault; inspect shape, bands and 1m/field data"
841,27,27,2388.93,1930.19,-117.7299,38.5727,282.8,"below 200-closed-px screen; NOT an identified fault; inspect shape, bands and 1m/field data"
842,142,125,2398.61,1747.2,-117.9398,38.5624,2256.1,"below 200-closed-px screen; NOT an identified fault; inspect shape, bands and 1m/field data"
846,36,36,2457.5,1435.0,-118.2971,38.5059,707.1,"below 200-closed-px screen; NOT an identified fault; inspect shape, bands and 1m/field data"
847,29,29,2458.0,1626.0,-118.0781,38.5077,3488.6,"below 200-closed-px screen; NOT an identified fault; inspect shape, bands and 1m/field data"
848,47,46,2460.77,1468.79,-118.2583,38.5034,1129.1,"below 200-closed-px screen; NOT an identified fault; inspect shape, bands and 1m/field data"
852,189,151,2495.68,1697.74,-117.9954,38.4745,2308.7,"below 200-closed-px screen; NOT an identified fault; inspect shape, bands and 1m/field data"
853,72,65,2495.64,2034.9,-117.6089,38.4772,13355.5,"below 200-closed-px screen; NOT an identified fault; inspect shape, bands and 1m/field data"
854,29,29,2502.0,1658.0,-118.0408,38.4684,922.0,"below 200-closed-px screen; NOT an identified fault; inspect shape, bands and 1m/field data"
855,124,112,2512.68,1685.82,-118.0088,38.4591,1978.6,"below 200-closed-px screen; NOT an identified fault; inspect shape, bands and 1m/field data"
856,117,113,2519.65,1403.91,-118.3318,38.4495,2701.9,"below 200-closed-px screen; NOT an identified fault; inspect shape, bands and 1m/field data"
857,86,77,2520.87,1665.74,-118.0317,38.4515,223.6,"below 200-closed-px screen; NOT an identified fault; inspect shape, bands and 1m/field data"
860,51,45,2532.04,1222.67,-118.5392,38.4358,4440.7,"below 200-closed-px screen; NOT an identified fault; inspect shape, bands and 1m/field data"
861,29,29,2534.0,1961.0,-117.6933,38.4421,7158.9,"below 200-closed-px screen; NOT an identified fault; inspect shape, bands and 1m/field data"
862,66,61,2538.23,1291.23,-118.4605,38.4313,360.6,"below 200-closed-px screen; NOT an identified fault; inspect shape, bands and 1m/field data"
863,29,29,2542.0,1446.0,-118.2832,38.4299,5442.4,"below 200-closed-px screen; NOT an identified fault; inspect shape, bands and 1m/field data"
864,91,81,2547.44,1662.08,-118.0356,38.4275,223.6,"below 200-closed-px screen; NOT an identified fault; inspect shape, bands and 1m/field data"
865,95,87,2578.92,1969.34,-117.6833,38.4017,9953.9,"below 200-closed-px screen; NOT an identified fault; inspect shape, bands and 1m/field data"
866,44,44,2606.05,1925.64,-117.7331,38.377,5520.0,"below 200-closed-px screen; NOT an identified fault; inspect shape, bands and 1m/field data"
867,86,82,2615.02,1970.31,-117.6819,38.3692,8703.4,"below 200-closed-px screen; NOT an identified fault; inspect shape, bands and 1m/field data"
868,29,29,2646.0,1759.0,-117.9234,38.3396,2147.1,"below 200-closed-px screen; NOT an identified fault; inspect shape, bands and 1m/field data"
870,72,65,2663.29,1939.22,-117.7171,38.3255,4617.4,"below 200-closed-px screen; NOT an identified fault; inspect shape, bands and 1m/field data"
871,29,24,2661.0,1888.0,-117.7757,38.3272,120.7,"below 200-closed-px screen; NOT an identified fault; inspect shape, bands and 1m/field data"
872,29,29,2687.0,2112.0,-117.5193,38.3051,17788.2,"below 200-closed-px screen; NOT an identified fault; inspect shape, bands and 1m/field data"
873,28,23,2690.89,1803.0,-117.8726,38.2995,141.4,"below 200-closed-px screen; NOT an identified fault; inspect shape, bands and 1m/field data"
874,84,71,2704.52,1800.96,-117.8748,38.2872,200.0,"below 200-closed-px screen; NOT an identified fault; inspect shape, bands and 1m/field data"
876,113,108,2729.41,1752.81,-117.9296,38.2644,4177.9,"below 200-closed-px screen; NOT an identified fault; inspect shape, bands and 1m/field data"
877,102,100,2828.22,2028.93,-117.6132,38.1774,12621.8,"below 200-closed-px screen; NOT an identified fault; inspect shape, bands and 1m/field data"
878,84,70,2840.33,1684.07,-118.0067,38.1638,200.0,"below 200-closed-px screen; NOT an identified fault; inspect shape, bands and 1m/field data"
879,29,29,2849.0,2022.0,-117.6209,38.1587,12394.4,"below 200-closed-px screen; NOT an identified fault; inspect shape, bands and 1m/field data"
882,122,109,2901.86,1982.02,-117.6661,38.1108,7679.2,"below 200-closed-px screen; NOT an identified fault; inspect shape, bands and 1m/field data"
884,48,48,2925.5,1985.5,-117.662,38.0895,5619.2,"below 200-closed-px screen; NOT an identified fault; inspect shape, bands and 1m/field data"
887,152,139,2948.11,2193.21,-117.425,38.0702,1529.7,"below 200-closed-px screen; NOT an identified fault; inspect shape, bands and 1m/field data"
888,91,90,2946.76,1402.84,-118.326,38.0647,2972.4,"below 200-closed-px screen; NOT an identified fault; inspect shape, bands and 1m/field data"
891,87,81,2972.59,1477.63,-118.2403,38.0424,1523.2,"below 200-closed-px screen; NOT an identified fault; inspect shape, bands and 1m/field data"
892,149,125,2986.46,1519.44,-118.1925,38.0304,223.6,"below 200-closed-px screen; NOT an identified fault; inspect shape, bands and 1m/field data"
895,63,52,2993.56,1594.02,-118.1074,38.0248,386.4,"below 200-closed-px screen; NOT an identified fault; inspect shape, bands and 1m/field data"
896,175,143,3000.06,1497.61,-118.2172,38.0178,583.1,"below 200-closed-px screen; NOT an identified fault; inspect shape, bands and 1m/field data"
898,153,138,3009.6,2091.26,-117.5408,38.0143,316.2,"below 200-closed-px screen; NOT an identified fault; inspect shape, bands and 1m/field data"
901,57,55,3025.0,1535.0,-118.1742,37.9958,3228.0,"below 200-closed-px screen; NOT an identified fault; inspect shape, bands and 1m/field data"
902,52,52,3040.15,1454.15,-118.266,37.9812,2536.7,"below 200-closed-px screen; NOT an identified fault; inspect shape, bands and 1m/field data"
903,29,29,3044.0,1840.0,-117.8267,37.9816,6579.5,"below 200-closed-px screen; NOT an identified fault; inspect shape, bands and 1m/field data"
904,75,75,3057.52,1319.05,-118.4195,37.9638,4123.1,"below 200-closed-px screen; NOT an identified fault; inspect shape, bands and 1m/field data"
906,152,142,3066.46,1799.6,-117.8725,37.9611,3354.1,"below 200-closed-px screen; NOT an identified fault; inspect shape, bands and 1m/field data"
911,27,24,3080.89,1980.15,-117.6668,37.9494,141.4,"below 200-closed-px screen; NOT an identified fault; inspect shape, bands and 1m/field data"
912,187,171,3096.0,1801.65,-117.8698,37.9345,3257.3,"below 200-closed-px screen; NOT an identified fault; inspect shape, bands and 1m/field data"
913,89,85,3107.8,1994.63,-117.6501,37.9252,2607.7,"below 200-closed-px screen; NOT an identified fault; inspect shape, bands and 1m/field data"
914,173,138,3118.71,1544.66,-118.1619,37.9115,200.0,"below 200-closed-px screen; NOT an identified fault; inspect shape, bands and 1m/field data"
915,73,71,3122.6,2028.86,-117.6111,37.9121,2785.7,"below 200-closed-px screen; NOT an identified fault; inspect shape, bands and 1m/field data"
916,36,36,3122.5,1981.0,-117.6655,37.9119,1268.5,"below 200-closed-px screen; NOT an identified fault; inspect shape, bands and 1m/field data"
917,36,36,3131.5,1818.0,-117.8508,37.9026,2503.0,"below 200-closed-px screen; NOT an identified fault; inspect shape, bands and 1m/field data"
919,124,110,3148.66,2016.4,-117.625,37.8886,223.6,"below 200-closed-px screen; NOT an identified fault; inspect shape, bands and 1m/field data"
920,36,32,3159.0,2005.5,-117.6374,37.8792,170.7,"below 200-closed-px screen; NOT an identified fault; inspect shape, bands and 1m/field data"
922,103,89,3169.46,2085.65,-117.5461,37.8702,200.0,"below 200-closed-px screen; NOT an identified fault; inspect shape, bands and 1m/field data"
923,105,104,3176.48,2116.83,-117.5107,37.864,670.8,"below 200-closed-px screen; NOT an identified fault; inspect shape, bands and 1m/field data"
924,82,64,3187.88,1522.8,-118.1857,37.8489,223.6,"below 200-closed-px screen; NOT an identified fault; inspect shape, bands and 1m/field data"
925,81,77,3191.16,1609.68,-118.087,37.8469,360.6,"below 200-closed-px screen; NOT an identified fault; inspect shape, bands and 1m/field data"
926,36,36,3193.0,2110.5,-117.5177,37.8491,1012.4,"below 200-closed-px screen; NOT an identified fault; inspect shape, bands and 1m/field data"
928,78,73,3196.47,2058.59,-117.5767,37.8457,1600.0,"below 200-closed-px screen; NOT an identified fault; inspect shape, bands and 1m/field data"
929,79,56,3203.13,1674.43,-118.0132,37.8368,141.4,"below 200-closed-px screen; NOT an identified fault; inspect shape, bands and 1m/field data"
930,29,29,3205.0,2002.0,-117.641,37.8377,4393.2,"below 200-closed-px screen; NOT an identified fault; inspect shape, bands and 1m/field data"
931,109,107,3228.59,2010.15,-117.6315,37.8165,5813.8,"below 200-closed-px screen; NOT an identified fault; inspect shape, bands and 1m/field data"
932,141,128,3238.27,2234.9,-117.3761,37.8088,5148.3,"below 200-closed-px screen; NOT an identified fault; inspect shape, bands and 1m/field data"
933,160,130,3252.54,1608.61,-118.0874,37.7916,223.6,"below 200-closed-px screen; NOT an identified fault; inspect shape, bands and 1m/field data"
935,85,77,3259.91,1632.38,-118.0603,37.7852,223.6,"below 200-closed-px screen; NOT an identified fault; inspect shape, bands and 1m/field data"
936,36,36,3268.0,1777.5,-117.8954,37.7792,1992.5,"below 200-closed-px screen; NOT an identified fault; inspect shape, bands and 1m/field data"
938,192,173,3282.7,2094.55,-117.5353,37.7682,412.3,"below 200-closed-px screen; NOT an identified fault; inspect shape, bands and 1m/field data"
941,114,101,3305.17,2106.01,-117.5221,37.748,2416.6,"below 200-closed-px screen; NOT an identified fault; inspect shape, bands and 1m/field data"
942,54,54,3302.28,1982.87,-117.6619,37.7499,4016.2,"below 200-closed-px screen; NOT an identified fault; inspect shape, bands and 1m/field data"
943,33,30,3320.36,1647.21,-118.0427,37.7308,170.7,"below 200-closed-px screen; NOT an identified fault; inspect shape, bands and 1m/field data"
945,196,178,3355.29,1948.7,-117.7003,37.7019,3496.4,"below 200-closed-px screen; NOT an identified fault; inspect shape, bands and 1m/field data"
948,29,29,3357.0,1691.0,-117.9925,37.6983,2402.1,"below 200-closed-px screen; NOT an identified fault; inspect shape, bands and 1m/field data"
949,52,52,3362.52,1670.87,-118.0153,37.6931,1903.9,"below 200-closed-px screen; NOT an identified fault; inspect shape, bands and 1m/field data"
950,74,74,3366.42,1917.68,-117.7354,37.6916,6324.2,"below 200-closed-px screen; NOT an identified fault; inspect shape, bands and 1m/field data"
951,29,29,3405.0,1915.0,-117.738,37.6569,6341.1,"below 200-closed-px screen; NOT an identified fault; inspect shape, bands and 1m/field data"
952,171,159,3445.5,1737.8,-117.9385,37.6189,1236.9,"below 200-closed-px screen; NOT an identified fault; inspect shape, bands and 1m/field data"
954,115,95,3462.85,1950.85,-117.6969,37.605,200.0,"below 200-closed-px screen; NOT an identified fault; inspect shape, bands and 1m/field data"
955,29,29,3469.0,1733.0,-117.9436,37.5977,1264.9,"below 200-closed-px screen; NOT an identified fault; inspect shape, bands and 1m/field data"
956,192,174,3510.05,2114.14,-117.5116,37.5634,223.6,"below 200-closed-px screen; NOT an identified fault; inspect shape, bands and 1m/field data"
957,29,27,3638.0,1847.0,-117.8129,37.4464,282.8,"below 200-closed-px screen; NOT an identified fault; inspect shape, bands and 1m/field data"
